{
  "name": "ion-sound",
  "version": "3.0.7",
  "homepage": "https://github.com/IonDen/ion.sound",
  "authors": [
    {
      "name": "IonDen",
      "email": "denis.ineshin@gmail.com",
      "homepage": "http://ionden.com"
    }
  ],
  "description": "JavaScript plugin for playing sounds and music on websites",
  "repository": {
    "type": "git",
    "url": "git://github.com/IonDen/ion.sound.git"
  },
  "main": [
    "js/ion.sound.js"
  ],
  "moduleType": [
    "globals"
  ],
  "keywords": [
    "sound",
    "music",
    "html5",
    "events",
    "WebAudioAPI",
    "mp3",
    "ogg",
    "aac"
  ],
  "license": "MIT",
  "ignore": [
    "ion-sound.jquery.json"
  ],
  "_release": "3.0.7",
  "_resolution": {
    "type": "version",
    "tag": "3.0.7",
    "commit": "74d51c5bd14be428f06b3afb5e40125b8e407fbc"
  },
  "_source": "git://github.com/IonDen/ion.sound.git",
  "_target": "^3.0.7",
  "_originalSource": "ionsound",
  "_direct": true
}